{"stats":{"minecraft:mined":{"minecraft:large_fern":1,"minecraft:short_grass":1,"minecraft:grass_block":2,"minecraft:spruce_leaves":5,"minecraft:fern":1},"minecraft:picked_up":{"minecraft:spruce_sapling":2,"minecraft:dirt":2},"minecraft:custom":{"minecraft:jump":45,"minecraft:time_since_rest":4812,"minecraft:damage_dealt":48,"minecraft:damage_taken":180,"minecraft:leave_game":2,"minecraft:play_time":4812,"minecraft:sprint_one_cm":9383,"minecraft:time_since_death":4812,"minecraft:walk_one_cm":5317,"minecraft:sneak_time":190,"minecraft:total_world_time":4812,"minecraft:fly_one_cm":99039,"minecraft:fall_one_cm":2759},"minecraft:used":{"minecraft:dirt":2}},"DataVersion":3953}